<?xml version="1.0" encoding="UTF-8"?>

<!--Copyright (c) 2012 by Subset Games. All rights reserved.-->
<img x="-135" y="-50" w="550" h="295" />
<offsets>
	<floor x="275" y="147" />
	<cloak x="0" y="0" />
</offsets>
<weaponMounts>
	<mount x="371" y="47" rotate="false" mirror="true" gib="-1" slide="up" />
	<mount x="179" y="47" rotate="false" mirror="false" gib="-1" slide="up" />
</weaponMounts>
<ogTurretMounts>
	<og_turret x="275" y="120" direction="up"/>
</ogTurretMounts>
<explosion />

