<?xml version="1.0" encoding="UTF-8"?>

<!--Copyright (c) 2012 by Subset Games. All rights reserved.-->
<img x="-98" y="-57" w="372" h="255" />
<offsets>
	<floor x="186" y="127" />
	<cloak x="0" y="0" />
</offsets>
<weaponMounts>
	<mount x="237" y="90" rotate="false" mirror="false" gib="-1" slide="up" />
	<mount x="135" y="90" rotate="false" mirror="true" gib="-1" slide="up" />
</weaponMounts>
<ogTurretMounts>
	<og_turret_mini x="186" y="72" direction="up"/>
	<og_turret_mini_2 x="124" y="147" direction="left"/>
	<og_turret_mini_3 x="248" y="147" direction="right"/>
</ogTurretMounts>
<explosion />

