<?xml version="1.0" encoding="UTF-8"?>

<!--Copyright (c) 2012 by Subset Games. All rights reserved.-->
<img x="-45" y="-39" w="370" h="438" />
<offsets>
	<floor x="185" y="219" />
	<cloak x="0" y="0" />
</offsets>
<weaponMounts>
	<mount x="315" y="208" rotate="false" mirror="false" gib="-1" slide="right" />
	<mount x="55" y="208" rotate="false" mirror="true" gib="-1" slide="left" />
	<mount x="289" y="104" rotate="false" mirror="false" gib="-1" slide="right" />
	<mount x="81" y="104" rotate="false" mirror="true" gib="-1" slide="left" />
</weaponMounts>
<ogTurretMounts>
	<og_turret x="185" y="76" direction="up"/>
	<og_turret_2 x="151" y="179" direction="up"/>
	<og_turret_mini x="236" y="161" direction="up"/>
</ogTurretMounts>
<explosion />

