<?xml version="1.0" encoding="UTF-8"?>

<!--Copyright (c) 2012 by Subset Games. All rights reserved.-->
<img x="-86" y="-49" w="411" h="378" />
<offsets>
	<floor x="80" y="43" />
	<cloak x="0" y="0" />
</offsets>
<weaponMounts>
	<mount x="303" y="62" rotate="true" mirror="true" gib="-1" slide="up" />
	<mount x="303" y="317" rotate="true" mirror="false" gib="-1" slide="down" />
	<mount x="351" y="137" rotate="true" mirror="true" gib="-1" slide="up" />
	<mount x="351" y="241" rotate="true" mirror="false" gib="-1" slide="down" />
</weaponMounts>
<ogTurretMounts>
	<og_turret_mini x="350" y="207" direction="right"/>
</ogTurretMounts>
<explosion />

