<?xml version="1.0" encoding="UTF-8"?>

<!--Copyright (c) 2012 by Subset Games. All rights reserved.-->
<img x="-33" y="-34" w="383" h="323" />
<offsets>
	<floor x="191" y="161" />
	<cloak x="0" y="0" />
</offsets>
<weaponMounts>
	<mount x="336" y="25" rotate="false" mirror="false" gib="-1" slide="up" />
	<mount x="47" y="25" rotate="false" mirror="true" gib="-1" slide="up" />
	<mount x="285" y="16" rotate="false" mirror="false" gib="-1" slide="up" />
	<mount x="97" y="16" rotate="false" mirror="true" gib="-1" slide="up" />
	<mount x="97" y="16" rotate="false" mirror="true" gib="-1" slide="up" />
</weaponMounts>
<ogTurretMounts>
	<og_turret x="63" y="67" direction="up"/>
</ogTurretMounts>
<explosion />

