<?xml version="1.0" encoding="UTF-8"?>

<!--Copyright (c) 2012 by Subset Games. All rights reserved.-->
<img x="-81" y="-80" w="603" h="291" />
<offsets>
	<floor x="75" y="74" />
	<cloak x="0" y="0" />
</offsets>
<weaponMounts>
	<mount x="357" y="25" rotate="true" mirror="true" gib="-1" slide="up" />
	<mount x="408" y="269" rotate="true" mirror="false" gib="-1" slide="down" />
	<mount x="469" y="68" rotate="true" mirror="true" gib="-1" slide="up" />
</weaponMounts>
<ogTurretMounts>
	<og_turret_mini x="452" y="234" direction="right"/>
	<og_turret_mini_2 x="321" y="59" direction="up"/>
	<og_turret_mini_3 x="92" y="121" direction="left"/>
</ogTurretMounts>
<explosion />

