<?xml version="1.0" encoding="UTF-8"?>

<!--Copyright (c) 2012 by Subset Games. All rights reserved.-->
<img x="-26" y="-60" w="228" h="247" />
<offsets>
	<floor x="114" y="123" />
	<cloak x="0" y="0" />
</offsets>
<weaponMounts>
	<mount x="182" y="129" rotate="false" mirror="false" gib="-1" slide="up" />
	<mount x="46" y="129" rotate="false" mirror="true" gib="-1" slide="up" />
</weaponMounts>
<ogTurretMounts>
	<og_turret_mini x="114" y="96" direction="up"/>
</ogTurretMounts>
<explosion />

