<FTL>
<!--START-->
<ship name="SHIP_GUARD_OG_IRON" auto_blueprint="OG_IRON_GUARD">
	<surrender min="7" max="8" load="GUARD_SIGNAL"/>
	<destroyed load="GUARD_OG_IRON_DESTROY"/>
	<deadCrew load="GUARD_OG_IRON_DEADCREW"/>
</ship>

<event name="GUARD_OG_IRON_DESTROY">
	<text>You have defeated the Iron Watch guard. Whatever might have been in their cargo has for certain been destroyed, but you can at least salvage some supplies from the ship.</text>
	<autoReward level="MED">standard</autoReward>
	<choice hidden="true">
		<text>Continue...</text>
		<event load="GUARD_OG_IRON_FOLLOWUP"/>
	</choice>
</event>
<event name="GUARD_OG_IRON_DEADCREW">
	<text>You have defeated the Iron Watch guard. Without crew on board to stop you, you can investigate their cargo. You find a weapon to bring back to the ship, and move on to scrap their hull.</text>
	<autoReward level="MED">standard</autoReward>
	<weapon name="GIFTLIST_OG_IRON"/>
	<choice hidden="true">
		<text>Continue...</text>
		<event load="GUARD_OG_IRON_FOLLOWUP"/>
	</choice>
</event>
<ship name="SHIP_OG_IRON_REINFORCEMENTS" auto_blueprint="LIST_SHIPS_OG_IRON_FIGHT">
	<destroyed load="DESTROYED_REINFORCEMENTS"/>
	<deadCrew load="DEADCREW_REINFORCEMENTS"/>
</ship>
<event name="GUARD_OG_IRON_FOLLOWUP">
	<noQuestText/>
	<removeHazards/>
	<clearCustomFleet/>
	<text>By killing the Iron Watch guard, you have no doubt caused them to dispatch reinforcements to track you down. Watch your step as you explore the sector.</text>
	<quest event="REINFORCEMENTS_OG_IRON">
		<nebulaBeacon>true</nebulaBeacon>
		<nextSector>false</nextSector>
		<nebulaEvent>NEBULA_LIGHT_REINFORCEMENTS_OG_IRON</nebulaEvent>
		<createNebula>false</createNebula>
		<aggressive>2</aggressive>
	</quest>
	<choice>
		<text>Do something onboard the ship.</text>
		<event load="STORAGE_CHECK"/>
	</choice>
	<choice>
		<text>Do nothing.</text>
		<event/>
	</choice>
</event>
<event name="REINFORCEMENTS_OG_IRON">
	<preventQuest/>
	<beaconType id="map_icon_reinforcements" global="true" req="LOOT_COMPASS">
		<color r="200" g="55" b="82" a="1"/>
		<unvisitedTooltip>An unvisited location.</unvisitedTooltip>
		<visitedTooltip>Explored location. Nothing left of interest.</visitedTooltip>
		<undiscoveredTooltip>An unvisited location.</undiscoveredTooltip>
	</beaconType>
	<text>An Iron Watch ship moves in to attack! Based on the vengeful look in their captain's eye, this is no doubt the ship dispatched by the guard to hunt you down!</text>
	<ship load="SHIP_OG_IRON_REINFORCEMENTS" hostile="true"/>
	<environment type="PDS" target="player"/>
	<choice hidden="true">
		<text>Continue...</text>
		<event load="COMBAT_CHECK"/>
	</choice>
</event>
<event name="NEBULA_LIGHT_REINFORCEMENTS_OG_IRON">
	<preventQuest/>
	<beaconType id="map_icon_reinforcements" global="true" req="LOOT_COMPASS">
		<color r="200" g="55" b="82" a="1"/>
		<unvisitedTooltip>An unvisited location.</unvisitedTooltip>
		<visitedTooltip>Explored location. Nothing left of interest.</visitedTooltip>
		<undiscoveredTooltip>An unvisited location.</undiscoveredTooltip>
	</beaconType>
	<text>An Iron Watch ship moves in to attack! Based on the vengeful look in their captain's eye, this is no doubt the ship dispatched by the guard to hunt you down!</text>
	<ship load="SHIP_OG_IRON_REINFORCEMENTS" hostile="true"/>
	<img back="BACK_EVENT_STARS_SPARSE"/>
	<status type="loss" target="player" system="sensors" amount="1"/>
	<environment type="PDS" target="player"/>
	<choice hidden="true">
		<text>Continue...</text>
		<event load="COMBAT_CHECK"/>
	</choice>
</event>

<textList name="TEXT_START_OG_IRON">
	<text>The Iron Watch are a collective of explorers, scientists, and pirates who ventured out into unexplored space. This is one of their rare settlements, now no longer so out of the way as it once was.</text>
	<text>This somewhat isolated region was thrown into chaos at the start of the Rebellion. One of the rare homes of the Iron Watch, it's become far more populated in recent times.</text>
</textList>
<event name="START_OG_IRON">
	<metaVariable name="juke_og_iron" op="set" val="1" />
	<preventQuest />
	<beaconType id="map_icon_start" global="false">
		<color r="46" g="252" b="51" a="1" />
	</beaconType>
	<text load="TEXT_START_OG_IRON" />
	<ship load="SHIP_GUARD_OG_IRON" hostile="false" />
	<changeBackground>BACK_SECTOR_PIRATE</changeBackground>
	<playSound>lightspeed</playSound>
	<choice hidden="true" req="rep_comb_og_iron" lvl="3" max_lvl="999" max_group="0" blue="false">
		<text>Continue...</text>
		<event load="GUARD_OG_IRON_FRIENDLY" />
	</choice>
	<choice hidden="true" req="rep_comb_og_iron" lvl="0" max_lvl="2" max_group="0" blue="false">
		<text>Continue...</text>
		<event load="GUARD_OG_IRON" />
	</choice>
	<choice hidden="true" req="rep_comb_og_iron" lvl="-999" max_lvl="-1" max_group="0" blue="false">
		<text>Continue...</text>
		<event load="GUARD_OG_IRON_CRIMINAL" />
	</choice>
</event>
<event name="GUARD_OG_IRON">
	<text>You are immediately 'greeted' by the guard. "Greetings friends! Welcome to our sector. I'm sure you're aware that there is a fee for entry..."</text>
	<choice hidden="true">
		<text>We refuse to pay the fee, fight your way through!</text>
		<event>
			<text>You mute the ship and prepare for combat.</text>
			<ship hostile="true"/>
			<choice hidden="true">
				<text>Continue...</text>
				<event load="REPUTATION_DECREASE_OG_IRON_COMBAT"/>
			</choice>
		</event>
	</choice>
	<choice>
		<text>Pay the fee.</text>
		<event>
			<text>The guard nods and combs over the scrap for a brief moment. "Very well. Security will let you through momentarily."</text>
			<item_modify>
				<item type="scrap" min="-20" max="-10"/>
			</item_modify>
		</event>
	</choice>
	<choice hidden="true">
		<text>Request a waver because of your mission.</text>
		<event load="GUARD_OG_IRON_WAVER"/>
	</choice>
	<choice req="LIST_CREW_OG_IRON" hidden="true">
		<text>(Iron Watch Crew) Request free passage.</text>
		<event>
			<text>"Very well. Good luck with your mission."</text>
		</event>
	</choice>
	<choice hidden="true" req="mind">
		<text>(Mind Control) Convince the guard to leave you alone.</text>
		<event load="GUARD_MIND_MORALITY"/>
	</choice>
	<choice hidden="true" req="BLUELIST_WEAPONS_MIND_CONTROL" max_group="0">
		<text>(Mind Control Weapon) Convince the guard to leave you alone.</text>
		<event load="GUARD_MIND_MORALITY"/>
	</choice>
	<choice hidden="true" req="BLUELIST_WEAPONS_MIND_AFFECT" max_group="0">
		<text>(Mind Affecting Weapon) Induce chaos within the guard and slip past.</text>
		<event load="GUARD_MIND_AFFECTING_MORALITY"/>
	</choice>
	<choice hidden="true" req="cloaking">
		<text>(Cloaking) Cloak and try to escape.</text>
		<event load="GUARD_CLOAK_MORALITY"/>
	</choice>
	<choice hidden="true" req="engines" lvl="5">
		<text>(Adv. Engines) Try to escape the guard.</text>
		<event load="GUARD_ESCAPE_MORALITY"/>
	</choice>
	<choice hidden="true" req="pilot" lvl="3">
		<text>(Adv. Piloting) Activate the auto-pilot to try and escape.</text>
		<event load="GUARD_ESCAPE_MORALITY"/>
	</choice>
</event>
<eventList name="GUARD_OG_IRON_WAVER">
	<event name="GUARD_OG_IRON_WAVER_FAIL">
		<text>"Why should I wave your fee? You are a Renegade, correct? If you are not aware, the Iron Watch is not beholden to Federation laws, and frankly having people like you here is a liability. We should be charging you more, not less."</text>
		<choice hidden="true">
			<text>Then we'll fight our way through!</text>
			<event>
				<text>You mute the ship and prepare for combat.</text>
				<ship hostile="true"/>
				<choice hidden="true">
					<text>Continue...</text>
					<event load="REPUTATION_DECREASE_OG_IRON_COMBAT"/>
				</choice>
			</event>
		</choice>
		<choice>
			<text>Pay the fee.</text>
			<event>
				<text>The guard nods and combs over the scrap for a brief moment. "Very well. Security will let you through momentarily."</text>
				<item_modify>
					<item type="scrap" min="-30" max="-20"/>
				</item_modify>
			</event>
		</choice>
	</event>
	<event load="GUARD_OG_IRON_WAVER_FAIL"/>
	<event>
		<text>The guard scratches their face. "As you are likely aware, the Iron Watch is not beholden to Federation laws or jurisdiction. That said, I understand that your cause represents the best interests of everyone here. The Federation might not be our friend, but the Rebellion isn't either. I will do you this one favor, but do not expect everyone to be so generous."</text>
	</event>
</eventList>
<event name="GUARD_OG_IRON_CRIMINAL">
	<text>Something seems off here. Usually, the Iron Watch wouldn't mind a ship like yours too much, but now, you catch suspicious chatter on the guard ship.</text>
	<choice hidden="true">
		<text>Continue...</text>
		<event>
			<text>It seems your track record has caught up to you. The guard's crew have heard enough of the crimes you've been committing, and they don't intend to let you into the sector!</text>
			<ship hostile="true"/>
			<choice hidden="true">
				<text>Continue...</text>
				<event load="COMBAT_CHECK"/>
			</choice>
		</event>
	</choice>
</event>

<event name="GUARD_OG_IRON_FRIENDLY">
	<text>Good word has spread around, the guard immediately waves the usual entry fee and you're allowed in freely.</text>
	<modifyPursuit amount="-1"/>
	<choice>
		<text>Ignore the guard.</text>
		<event>
			<text>You now have some time to do something on the ship.</text>
			<choice>
				<text>Do something onboard the ship.</text>
				<event load="STORAGE_CHECK"/>
			</choice>
			<choice>
				<text>Do nothing.</text>
				<event/>
			</choice>
		</event>
	</choice>
	<choice hidden="true">
		<text>Contact the guard.</text>
		<event load="GUARD_OG_IRON_INTERACT"/>
	</choice>
	<choice>
		<text>Attack the guard.</text>
		<event>
			<text id="text_guard_attack"/>
			<ship hostile="true"/>
			<choice hidden="true">
				<text>Continue...</text>
				<event load="REPUTATION_DECREASE_OG_IRON_COMBAT"/>
			</choice>
		</event>
	</choice>
</event>

<textList name="TEXT_GUARD_OG_IRON_CONTACT">
	<text>"We acknowledge your hail. What is it that you seek friend?"</text>
	<text>The Iron Watch captain accepts your hail, but does not speak a word.</text>
	<text>A brief message is sent back to your ship in response. "We have received your request for communications. What is it you need friend?"</text>
</textList>
<event name="GUARD_OG_IRON_INTERACT">
	<text load="TEXT_GUARD_OG_IRON_CONTACT"/>
	<choice hidden="true">
		<text>Request supplies.</text>
		<event load="GUARD_OG_IRON_REQUEST"/>
	</choice>
	<choice hidden="true">
		<text>Demand supplies.</text>
		<event load="GUARD_OG_IRON_DEMAND"/>
	</choice>
	<choice req="weapons" lvl="5" hidden="true">
		<text>(Upg. Weapons) Threaten the guard.</text>
		<event load="GUARD_OG_IRON_THREATEN"/>
	</choice>
	<choice req="LIST_CREW_OG_IRON" hidden="true">
		<text>(Iron Watch Crew) Request assistance.</text>
		<event>
			<text>"And a fellow citizen of the Iron Watch? Take this gift of goodwill!"</text>
			<autoReward level="LOW">stuff</autoReward>
		</event>
	</choice>
	<choice hidden="true">
		<text>Change your mind and leave the guard alone.</text>
		<event>
			<text>You apologize and end comms. The guard makes no attempts to communicate further.</text>
			<choice>
				<text>Do something onboard the ship.</text>
				<event load="STORAGE_CHECK"/>
			</choice>
			<choice>
				<text>Do nothing.</text>
				<event/>
			</choice>
		</event>
	</choice>
</event>
<eventList name="GUARD_OG_IRON_REQUEST">
	<event>
		<text>"I'm afraid we don't have much to spare, good luck on your mission friend."</text>
	</event>
	<event>
		<text>"Of course we can help, take this as a gift of goodwill."</text>
		<autoReward level="LOW">stuff</autoReward>
	</event>
</eventList>
<event name="GUARD_OG_IRON_DEMAND">
	<text>"That's no way to speak to an ally. I wish you luck on your mission but I suggest you stop trying to contact me."</text>
</event>
<eventList name="GUARD_OG_IRON_THREATEN">
	<event>
		<text>The guard makes no attempt to respond to your threats, at least not verbally. Instead, they power up their weapons and move in to attack!</text>
		<ship hostile="true"/>
		<choice hidden="true">
			<text>Continue...</text>
			<event load="REPUTATION_DECREASE_OG_IRON_COMBAT"/>
		</choice>
	</event>
	<event>
		<text>"There is no need for violence, friend. We will give you some supplies as you request, so long as you power down those weapons."</text>
		<autoReward level="LOW">stuff</autoReward>
		<choice hidden="true">
			<text>Continue...</text>
			<event load="REPUTATION_DECREASE_OG_IRON"/>
		</choice>
	</event>
</eventList>

<!--REPUTATION-->
<event name="REPUTATION_UPDATE_OG_IRON">
	<text>[REPUTATION INCREASED - IRON WATCH]
	You have done a good deed here in the eyes of the Iron Watch. Continuously perform actions like this and you might start to see positive support from the Iron Watch and its allies.</text>
	<variable name="rep_og_iron" op="add" val="1"/>
</event>
<event name="REPUTATION_UPDATE_OG_IRON_COMBAT">
	<text>[REPUTATION INCREASED - IRON WATCH]
	You have done a good deed here in the eyes of the Iron Watch. Continuously perform actions like this and you might start to see positive support from the Iron Watch and its allies.</text>
	<variable name="rep_og_iron" op="add" val="1"/>
	<choice hidden="true">
		<text>Continue...</text>
		<event load="COMBAT_CHECK"/>
	</choice>
</event>
<event name="REPUTATION_DECREASE_OG_IRON">
	<text>[REPUTATION DECREASED - IRON WATCH]
	Your actions here, justifiable or not, will not reflect well in the eyes of the Iron Watch or its citizens. Continuously perform actions like this and you might start to see negative reactions from the Iron Watch and its allies.</text>
	<variable name="rep_og_iron" op="add" val="-1"/>
</event>
<event name="REPUTATION_DECREASE_DOUBLE_OG_IRON">
	<text>[REPUTATION DECREASED X2 - IRON WATCH]
	Your actions here, justifiable or not, will not reflect well in the eyes of the Iron Watch or its citizens. Continuously perform actions like this and you might start to see negative reactions from the Iron Watch and its allies.
	For your extra egregious actions, your reputation was decreased twice.</text>
	<variable name="rep_og_iron" op="add" val="-2"/>
</event>
<event name="REPUTATION_DECREASE_OG_IRON_COMBAT">
	<text>[REPUTATION DECREASED - IRON WATCH]
	Your actions here, justifiable or not, will not reflect well in the eyes of the Iron Watch or its citizens. Continuously perform actions like this and you might start to see negative reactions from the Iron Watch and its allies.</text>
	<variable name="rep_og_iron" op="add" val="-1"/>
	<choice hidden="true">
		<text>Continue...</text>
		<event load="COMBAT_CHECK"/>
	</choice>
</event>
<event name="REPUTATION_DECREASE_DOUBLE_OG_IRON_COMBAT">
	<text>[REPUTATION DECREASED X2 - IRON WATCH]
	Your actions here, justifiable or not, will not reflect well in the eyes of the Iron Watch or its citizens. Continuously perform actions like this and you might start to see negative reactions from the Iron Watch and its allies.
	For your extra egregious actions, your reputation was decreased twice.</text>
	<variable name="rep_og_iron" op="add" val="-2"/>
	<choice hidden="true">
		<text>Continue...</text>
		<event load="COMBAT_CHECK"/>
	</choice>
</event>


<!--FINISH-->
<event name="FINISH_BEACON_OG_IRON">
	<text id="finish_beacon"/>
	<choice hidden="true">
		<text>Explore.</text>
		<event load="EXIT_FILLER_LIST"/>
	</choice>
	<choice hidden="true">
		<text>Do something onboard the ship.</text>
		<event load="STORAGE_CHECK"/>
	</choice>
	<choice hidden="true">
		<text>Do nothing.</text>
		<event/>
	</choice>
</event>


<!--SHIP STUFF-->
<event name="DESTROYED_OG_IRON">
	<text load="TEXT_DESTROYED_OG_IRON"/>
	<autoReward level="MED">standard</autoReward>
</event>
<textList name="TEXT_DESTROYED_OG_IRON">
	<text>The Iron Watch captain lets out one final expletive as the ship is obliterated.</text>
	<text>The hull of the Iron Watch vessel is dispersed out into space. You swoop in to salvage the remains.</text>
	<text>The Iron Watch ship explodes, extinguishing all lives within. Your crew avoids their remains as they salvage the ship pieces.</text>
	<text>One of the turrets is launched off into empty space as the ship explodes, throwing valuable debris in every direction.</text>
</textList>

<event name="DEAD_CREW_OG_IRON">
	<text load="TEXT_DEAD_CREW_OG_IRON"/>
	<autoReward level="HIGH">standard</autoReward>
</event>
<textList name="TEXT_DEAD_CREW_OG_IRON">
	<text>"Your bloodlust... will be your downfall someday, Renegade. You are only proof... the Federation... is no better than the Rebellion..."</text>
	<text>Without a word, the Iron Watch captain falls to the ground, gasping for air as the life is extinguished from their eyes. You salvage the hull of their ship.</text>
	<text>"You will regret this! Karma always comes back to people like you. Damn you Renegades... the Iron Watch would have been better off with the Rebellion..."</text>
</textList>

<event name="SURRENDER_OG_IRON">
	<text load="TEXT_SURRENDER_OG_IRON"/>
	<choice>
		<text>Accept their surrender.</text>
		<event load="SURRENDER_ACCEPT"/>
	</choice>
	<choice>
		<text load="GENERIC_SURRENDER_CHOICE_NOMERCY"/>
		<event/>
	</choice>
</event>
<textList name="TEXT_SURRENDER_OG_IRON">
	<text>"Alright, you win! Here's some equipment from our stores. Leave us alone!"</text>
	<text>The ship repeatedly hails you. It looks like they want to surrender.</text>
	<text>"You are considerably more well-armed than I would have thought. We surrender."</text>
	<text>They send you a message: "Your ship is surprisingly well equipped! Please take this and let us live."</text>
	<text>"Please don't kill us. We will give you everything we have!"</text>
	<text>They offer you some of their cargo if you let them live.</text>
	<text>They offer to give you some of their goods if you don't destroy their ship.</text>
	<text>You get a frantic message, "Take everything we have. Just don't kill us!"</text>
	<text>"You have clearly bested us. We merely request our lives."</text>
	<text>"You have made your point, we are beaten. Take these and leave us to our shame."</text>
	<text>"Take everything we have and let's both forget this happened."</text>
</textList>

<event name="ESCAPE_OG_IRON">
	<text>Scans show that the Iron Watch ship is trying to escape. Destroy it before it can get away!</text>
</event>

<eventList name="GOTAWAY_OG_IRON">
	<event load="GOTAWAY_OG_IRON_GENERIC"/>
	<event load="GOTAWAY_OG_IRON_GENERIC"/>
	
	<event load="GOTAWAY_OG_IRON_REMAINS"/>
</eventList>
<event name="GOTAWAY_OG_IRON_GENERIC">
	<text load="TEXT_GOTAWAY_OG_IRON"/>
</event>
<textList name="TEXT_GOTAWAY_OG_IRON">
	<text>The Iron Watch vessel has slipped from your grasp, abandoning you at the beacon.</text>
	<text>Your attempts at destroying the Iron Watch vessel have failed, and the ship has escaped.</text>
</textList>
<event name="GOTAWAY_OG_IRON_REMAINS">
	<text>The Iron Watch vessel may have escaped, but not everything has gone wrong. A trail of scrap from the wreckage has been left behind, which you collect.</text>
	<autoReward level="LOW">scrap_only</autoReward>
</event>

<ship name="SHIP_OG_IRON_ALL" auto_blueprint="LIST_SHIPS_OG_IRON_ALL">
	<surrender  chance="0.4" min="2" max="3" load="SURRENDER_OG_IRON"/>
	<escape  chance="0.3" min="3" max="4" load="ESCAPE_OG_IRON"/>
	<gotaway load="GOTAWAY_OG_IRON"/>
	<destroyed load="DESTROYED_OG_IRON"/>
	<deadCrew load="DEAD_CREW_OG_IRON"/>
</ship>
<ship name="SHIP_OG_IRON_GENERIC" auto_blueprint="LIST_SHIPS_OG_IRON_GENERIC">
	<surrender  chance="0.4" min="2" max="3" load="SURRENDER_OG_IRON"/>
	<escape  chance="0.3" min="3" max="4" load="ESCAPE_OG_IRON"/>
	<gotaway load="GOTAWAY_OG_IRON"/>
	<destroyed load="DESTROYED_OG_IRON"/>
	<deadCrew load="DEAD_CREW_OG_IRON"/>
</ship>
<ship name="SHIP_OG_IRON_FIGHT" auto_blueprint="LIST_SHIPS_OG_IRON_FIGHT">
	<escape  chance="0.3" min="3" max="4" load="ESCAPE_OG_IRON"/>
	<gotaway load="GOTAWAY_OG_IRON"/>
	<destroyed load="DESTROYED_OG_IRON"/>
	<deadCrew load="DEAD_CREW_OG_IRON"/>
</ship>

<!--STORELIST-->
<eventList name="STORELIST_OG_IRON">
	<event load="STOREEVENT_ALIENS"/>
	<event load="STOREEVENT_DAMAGED"/>
	<event load="STOREEVENT_OG_IRON_TURRETS_STATION"/>
	<event load="STOREEVENT_OG_IRON_TURRETS_STATION"/>
	
	<event load="STOREEVENT_SEPARATIST_UNLOADING"/>
	<event load="STOREEVENT_SEPARATIST_CHECKPOINT"/>

	<event load="STOREEVENT_VAMPWEED_TERRAFORMER"/>
	
	<event load="STOREEVENT_CRYSTAL_TRANSLATOR"/>
	
	<event load="STOREEVENT_LOSTSUN_VOLCANO"/>
	<event load="STOREEVENT_LOSTSUN_ESCAPEES"/>

	<event load="STOREEVENT_MANTIS_WHALE"/>
	
	<event load="STOREEVENT_PIRATE_ODDSHOP"/>
	<event load="STOREEVENT_PIRATE_AWKWARD"/>
	<event load="STOREEVENT_PIRATE_REFUELING"/>
	<event load="STOREEVENT_PIRATE_SECURITY"/>
	
	<event load="STOREEVENT_LEECH_ASTEROIDS"/>
	<event load="STOREEVENT_LEECH_SCAVENGER"/>
	
	<event load="STORE_HOSTILE_PIRATE"/>
	
	<event load="STOREEVENT_TONY"/>
</eventList>

<event name="STOREEVENT_OG_IRON_TURRETS_STATION" unique="true">
	<preventQuest/>
	<beaconType id="map_icon_store_generic" global="false">
		<color r="215" g="255" b="200" a="1"/>
	</beaconType><text>The nearby market is overlooked by an allied refueling post.</text>
	<ship load="SHIP_OG_IRON_TURRET_STATION_STORE" hostile="false"/>
	<choice hidden="false">
		<text>Purchase a discounted turret.</text>
		<event>
			<text>You stock up on fuel then check out the store.</text>
			<item_modify>
				<item type="scrap" min="-70" max="-61"/>
			</item_modify>
			<weapon name="SHOP_TURRETS_LARGE"/>
			<choice hidden="true">
				<text>Shop.</text>
				<event load="STORE_LOAD_GENERIC"/>
			</choice>
		</event>
	</choice>
	<choice req="mind" hidden="false">
		<text>(Mind Control) "Negotiate" an even lower price.</text>
		<event>
			<text>You stock up on fuel then check out the store.</text>
			<item_modify>
				<item type="scrap" min="-60" max="-51"/>
			</item_modify>
			<weapon name="SHOP_TURRETS_LARGE"/>
			<choice hidden="true">
				<text>Shop.</text>
				<event load="STORE_LOAD_GENERIC"/>
			</choice>
		</event>
	</choice>
	<choice req="LIST_CREW_OG_IRON" hidden="true">
		<text>(Iron Watch Crew) Negotiate an even lower price.</text>
		<event>
			<text>You stock up on fuel then check out the store.</text>
			<item_modify>
				<item type="scrap" min="-60" max="-51"/>
			</item_modify>
			<choice hidden="true">
				<text>Shop.</text>
				<event load="STORE_LOAD_GENERIC"/>
			</choice>
		</event>
	</choice>
	<choice hidden="true">
		<text>Attack the station!</text>
		<event>
			<text>It's highly unlikely the market will want to trade with you after this, but that won't stop you from harassing random civilians.</text>
			<ship hostile="true"/>
			<choice hidden="true">
				<text>Continue...</text>
				<event load="REPUTATION_DECREASE_OG_IRON_COMBAT"/>
			</choice>
		</event>
	</choice>
	<choice hidden="true">
		<text>Just shop around.</text>
		<event load="STORE_LOAD_GENERIC"/>
	</choice>
</event>
<ship name="SHIP_OG_IRON_TURRET_STATION_STORE" auto_blueprint="LIST_SHIPS_REFUEL">
	<destroyed load="DESTROYED_OG_IRON"/>
	<deadCrew load="DEAD_CREW_OG_IRON"/>
</ship>

<!--ITEMS-->
<eventList name="ITEMS_OG_IRON">
	<event load="OG_IRON_DEFENSE_DRONE"/>
	<event load="OG_IRON_FOR_SCIENCE"/>
	<event load="OG_IRON_DAWN_WRECK"/>
	
	<event load="FILLER_FUEL_FOR_DRONE"/>
</eventList>

<event name="OG_IRON_DEFENSE_DRONE" unique="true">
	<ship load="SHIP_OG_IRON_GENERIC" hostile="false"/>
	<text>You arrive at the beacon to discover an Iron Watch ship. The captain is seemingly quite distressed as you can hear yelling over the public channels.
	"What do you mean it's not a turret?" You can hear the faint noise of one of their crew trying to explain something the captain clearly doesn't understand.
	"So we were SCAMMED? That kniving merchant, ohhh if I see him again he's dead!"</text>
	<choice hidden="true">
		<text>Continue Listening.</text>
		<event>
			<text>Eventually the captain's angry reaches a crescendo and orders the would-be turret thrown out the airlock. "I want it out of sight, get us OUT OF HERE!" With that the Iron Watch ship jumps away. Now on you're on you have time to scoop up the "turret" and examine it yourself, it turns out it was just a simple defence drone.</text>
			<instantEscape/>
			<drone name="DEFENSE_1"/>
			<choice>
				<text>Do something onboard the ship.</text>
				<event load="STORAGE_CHECK"/>
			</choice>
			<choice>
				<text>Do nothing.</text>
				<event/>
			</choice>
		</event>
	</choice>
	<choice hidden="true">
		<text>Avoid getting in the way of the angry captain.</text>
		<event>
			<text>You hide on the far side of a moon and hope the Iron Watch ship doesn't pick you up.</text>
			<choice>
				<text>Do something onboard the ship.</text>
				<event load="STORAGE_CHECK"/>
			</choice>
			<choice>
				<text>Do nothing.</text>
				<event/>
			</choice>
		</event>
	</choice>
</event>

<event name="OG_IRON_FOR_SCIENCE" unique="true">
	<ship load="SHIP_OG_IRON_GENERIC" hostile="false"/>
	<environment type="pulsar"/>
	<text>An Iron Watch vessel is advertising a temporary position to help in an experiment. They require an escort into the nearby asteroid field to test a modification to their turret.</text>
	<choice hidden="true">
		<text>Agree to help.</text>
		<event>
			<environment type="asteroid"/>
			<text>You move in behind the Iron Watch ship and head into the asteroid field. "We're just calibrating the turret, it shouldn't take more than half a minute."</text>
			<triggeredEvent name="OG_IRON_FOR_SCIENCE_TURRET" event="OG_IRON_FOR_SCIENCE_PASS" time="30" clearOnJump="true" thisFight="false">
				<triggeredEventBox load="DEFAULT_TIMER" pos="default">
					<warning time="5.0" flash="false"/>
					<tooltip>Time until the Iron Watch's turret is calibrated.</tooltip>
				</triggeredEventBox>
				<timerSounds load="DEFAULT_TIMER_SOUNDS"/>
			</triggeredEvent>
			<triggeredEvent event="OG_IRON_FOR_SCIENCE_ION_BLAST" time="8" clearOnJump="true" thisFight="false"/>
		</event>
	</choice>
	<choice hidden="true">
		<text>Ignore the request.</text>
		<event>
			<text>You avoid the Iron Watch ship and prepare for your next jump.</text>
			<choice>
				<text>Do something onboard the ship.</text>
				<event load="STORAGE_CHECK"/>
			</choice>
			<choice>
				<text>Do nothing.</text>
				<event/>
			</choice>
		</event>
	</choice>
</event>

<event name="OG_IRON_FOR_SCIENCE_ION_BLAST">
	<text>"Come in, Come in, something has gone terribly wrong, our turrets have shut down."</text>
	<choice hidden="true" req="LIST_CREW_POWER">
		<text>(Bonus Power Crew) Send your crewman to overcharge their systems.</text>
		<event load="OG_IRON_FOR_SCIENCE_PASS_ION"/>
	</choice>
	<choice hidden="true" req="battery">
		<text>(Backup Battery) Use your extra power to overcharge their systems.</text>
		<event load="OG_IRON_FOR_SCIENCE_PASS_ION"/>
	</choice>
	<choice hidden="true">
		<text>There's nothing you can do...</text>
		<event>
			<status type="limit" target="enemy" system="og_turret" amount="0"/>
			<status type="limit" target="enemy" system="og_turret_2" amount="0"/>
			<status type="limit" target="enemy" system="og_turret_mini" amount="0"/>
			<status type="limit" target="enemy" system="og_turret_mini_2" amount="0"/>
			<status type="limit" target="enemy" system="og_turret_mini_3" amount="0"/>
			<status type="limit" target="enemy" system="og_turret_mini_4" amount="0"/>
			<triggeredEvent event="OG_IRON_FOR_SCIENCE_BLAST" time="12" clearOnJump="true" thisFight="false"/>
		</event>
	</choice>
</event>

<event name="OG_IRON_FOR_SCIENCE_PASS_ION">
	<text>You manage to restore power to their turrets.</text>
</event>

<event name="OG_IRON_FOR_SCIENCE_PASS">
	<text>"We're finished, thanks for the help captain." The ship sends over some supplies in payment for your escort.</text>
	<instantEscape/>
	<autoReward level="MED">standard</autoReward>
</event>

<event name="OG_IRON_FOR_SCIENCE_BLAST">
	<text>You watch helplessly as a large asteroid rips through the Iron Watch ship. It fragments into a cloud of debris which quickly diffuse into the asteroid field, you're able to collect some of the wreckage before you leave.</text>
	<autoReward level="LOW">stuff</autoReward>
	<enemyDamage amount="999"/>
	<clearTriggeredEvent name="OG_IRON_FOR_SCIENCE_TURRET"/>
</event>

<ship name="SHIP_OG_IRON_DAWN_WRECK" auto_blueprint="LIST_SHIPS_OG_DAWN_FIGHT">
	<destroyed load="DESTROYED_OG_DAWN"/>
	<deadCrew load="DEAD_CREW_OG_DAWN"/>
	<crew>
		<crewMember type="phantom_goul" prop="0.33"/>
		<crewMember type="phantom_wraith" prop="0.33"/>
		<crewMember type="phantom_mare" prop="0.33"/>
	</crew>
</ship>

<event name="OG_IRON_DAWN_WRECK" unique="true">
	<environment type="pulsar"/>
	<ship load="SHIP_OG_IRON_DAWN_WRECK" hostile="false"/>
	<text>You've come across the wreck of a strange ship. It appears to be one the New Dawn ships you've heard of around here, a splinter group of the iron watch who appear to have allied with the rebellion.</text>
	<choice hidden="true">
		<text>Investigate.</text>
		<event>
			<text>The ship appears stripped bare, all but a few sections have anything salvageable. You collect whatever you can before returning to your own ship.</text>
			<autoReward level="LOW">standard</autoReward>
		</event>
	</choice>
	<choice hidden="true">
		<text>Ignore the ship.</text>
		<event>
			<text>You avoid the ship and prepare for your next jump.</text>
			<choice>
				<text>Do something onboard the ship.</text>
				<event load="STORAGE_CHECK"/>
			</choice>
			<choice>
				<text>Do nothing.</text>
				<event/>
			</choice>
		</event>
	</choice>
</event>

<!--Neutral-->
<eventList name="NEUTRAL_OG_IRON">
	<event load="REFUGEE_PIRATE_MV"/>
	<event load="OG_IRON_CIVILIAN_PIRATE"/>
	<event load="OG_IRON_CIVILIAN_PIRATE_PULSAR"/>

	<event load="OG_IRON_DAWN_SETUP"/>
	<event load="OG_IRON_EXPLORE_TRANSPORT"/>
	
	<event load="REBEL_AUTO_SPY"/>
	<event load="FILLER_EXPLORE"/>
</eventList>


<ship name="SHIP_OG_IRON_RESCUE" auto_blueprint="LIST_SHIPS_OG_IRON_FIGHT">
	<destroyed>
		<text>The Iron Watch ship breaks apart. You hasten to contact the civilian ship.</text>
		<autoReward level="MED">standard</autoReward>
		<choice hidden="true">
			<text>Contact the civilian ship.</text>
			<event load="CIVILIAN_GIFT_LIST_MV"/>	
		</choice>
	</destroyed>
	<deadCrew>
		<text>No more life signs detected on the Iron Watch ship. You hasten to contact the civilian ship.</text>
		<autoReward level="HIGH">standard</autoReward>
		<choice hidden="true">
			<text>Contact the civilian ship.</text>
			<event load="CIVILIAN_GIFT_LIST_MV"/>	
		</choice>
	</deadCrew>
</ship>
<event name="OG_IRON_CIVILIAN_PIRATE" unique="true">
	<ship load="SHIP_OG_IRON_RESCUE" hostile="false"/>
	<img back="BACKGROUND" planet="PLANET_POPULATED"/>
	<text>You arrive at the beacon to discover an Iron Watch ship in pursuit of a civilian, it appears the rules must be especially relaxed in this part of Iron Watch space for their own ships to be turning to piracy.</text>
	<choice hidden="true">
		<text>Aid the civilian ship.</text>
		<event>
			<text>You power on your weapons and move in to attack.</text>
			<ship hostile="true"/>
			<choice hidden="true">
				<text>Continue...</text>
				<event load="COMBAT_CHECK"/>
			</choice>
		</event>
	</choice>
	<choice>
		<text>Stay out of it.</text>
		<event>
			<instantEscape/>
			<text>The fight brings them out of your immediate scanning range. After a time the distress calls stop.</text>
			<choice>
				<text>Do something onboard the ship.</text>
				<event load="STORAGE_CHECK"/>
			</choice>
			<choice>
				<text>Do nothing.</text>
				<event/>
			</choice>
		</event>
	</choice>
</event>

<event name="OG_IRON_CIVILIAN_PIRATE_PULSAR" unique="true">
	<ship load="SHIP_OG_IRON_RESCUE" hostile="false"/>
	<environment type="pulsar"/>
	<text>You arrive at the beacon to discover an Iron Watch ship in pursuit of a civilian, it appears the Iron Watch is taking advantage of the pulsar here to take advantage of civilians, although illegal in most areas of iron watch space it appears this ship isn't worried about being caught.</text>
	<choice hidden="true">
		<text>Aid the civilian ship.</text>
		<event>
			<text>You power on your weapons and move in to attack.</text>
			<ship hostile="true"/>
			<choice hidden="true">
				<text>Continue...</text>
				<event load="COMBAT_CHECK"/>
			</choice>
		</event>
	</choice>
	<choice>
		<text>Stay out of it.</text>
		<event>
			<instantEscape/>
			<text>The fight brings them out of your immediate scanning range. After a time the distress calls stop.</text>
			<choice>
				<text>Do something onboard the ship.</text>
				<event load="STORAGE_CHECK"/>
			</choice>
			<choice>
				<text>Do nothing.</text>
				<event/>
			</choice>
		</event>
	</choice>
</event>

<event name="OG_IRON_DAWN_SETUP" unique="true">
	<img back="BACKGROUND" planet="PLANET_UNPOPULATED"/>
	<ship load="SHIP_OG_DAWN_FIGHT" hostile="false"/>
	<text>You've arrived at the beacon to discover one of those strange New Dawn ships attacking a civilian, it doesn't appear that they've noticed you yet.</text>
	<choice hidden="true">
		<text>Aid the civilian ship.</text>
		<event>
			<text>The civilian ship explodes before you're able to do anything, the New Dawn vessel notices you and turns to run, within a moment they've jumped away.</text>
			<instantEscape/>
			<choice hidden="true">
				<text>Loot the remains of the civilian vessel.</text>
				<event>
					<text>You move in and begin looting the civilian when an Iron Watch ship arrives at the beacon. They appear to think you're responsible for the wreck as they immediately move in to attack.</text>
					<autoReward level="LOW">stuff</autoReward>
					<ship load="SHIP_OG_IRON_FIGHT" hostile="false"/>
					<choice hidden="true">
						<text>Continue...</text>
						<event load="REPUTATION_DECREASE_OG_IRON_COMBAT"/>
					</choice>
				</event>
			</choice>
			<choice hidden="true">
				<text>Report the attack via a nearby Iron Watch outpost.</text>
				<event>
					<text>You contact the local Iron Watch authorities and let them know about the attack, a short while later an Iron Watch ship arrives. "I'm sorry you had to see that captain, these attacks are getting worse and worse every day. I have these supplies here to be given to those attacked, but it doesn't look they'll be needing them, why don't you take them instead."</text>
					<autoReward level="MED">stuff</autoReward>
					<ship load="SHIP_OG_IRON_FIGHT" hostile="false"/>
					<choice hidden="true">
						<text>Continue...</text>
						<event load="REPUTATION_UPDATE_OG_IRON"/>
					</choice>
				</event>
			</choice>
		</event>
	</choice>
	<choice>
		<text>Stay out of it.</text>
		<event>
			<instantEscape/>
			<text>The fight brings them out of your immediate scanning range. After a time the distress calls stop.</text>
			<choice>
				<text>Do something onboard the ship.</text>
				<event load="STORAGE_CHECK"/>
			</choice>
			<choice>
				<text>Do nothing.</text>
				<event/>
			</choice>
		</event>
	</choice>
</event>

<ship name="SHIP_OG_IRON_EXPLORE_TRANSPORT" auto_blueprint="LIST_SHIPS_OG_IRON_GENERIC">
	<surrender min="3" max="5">
		<text>Please, you can have the wreck, just let us live!</text>
		<choice hidden="true">
			<text>Accept their offer.</text>
			<event load="OG_IRON_EXPLORE_TRANSPORT_SECURE"/>
		</choice>
		<choice>
			<text>Surrender is not an option.</text>
			<event/>
		</choice>
	</surrender>
	<destroyed>
		<text load="TEXT_DESTROYED_OG_IRON"/>
		<autoReward level="MED">standard</autoReward>
		<choice hidden="true">
			<text>Continue...</text>
			<event load="OG_IRON_EXPLORE_TRANSPORT_SECURE"/>
		</choice>
	</destroyed>
	<deadCrew>
		<text load="TEXT_DEAD_CREW_OG_IRON"/>
		<autoReward level="HIGH">standard</autoReward>
		<choice hidden="true">
			<text>Continue...</text>
			<event load="OG_IRON_EXPLORE_TRANSPORT_SECURE"/>
		</choice>
	</deadCrew>
</ship>
<event name="OG_IRON_EXPLORE_TRANSPORT_SECURE">
	<text>You scrap the wreck and collect what you can from it's stores before preparing for your next jump</text>
	<autoReward level="MED">standard_no_item</autoReward>
</event>
<event name="OG_IRON_EXPLORE_TRANSPORT" unique="true">
	<environment type="asteroid"/>
	<text>You're greeted by an Iron Watch ship, "Hello Captain, I don't suppose you've seen a ship wreck out here somewhere. Apparently a New Dawn transport was seen heading into this asteroid field after being hit by a nearby anti-ship battery. We believe they may have been wrecked around here somewhere."</text>
	<choice hidden="true">
		<text>Help them search for the transport.</text>
		<event load="OG_IRON_EXPLORE_TRANSPORT_SEARCH"/>
	</choice>
	<choice req="sensors" lvl="2" max_group="0">
		<text>(Upg. Sensors) Perform a scan of the area.</text>
		<event load="OG_IRON_EXPLORE_TRANSPORT_SEARCH_GOOD"/>
	</choice>
	<choice req="sensors" lvl="3" max_group="0" hidden="true">
		<text>(Adv. Sensors) Perform a deep scan of the asteroid field.</text>
		<event load="OG_IRON_EXPLORE_TRANSPORT_FIND"/>
	</choice>
	<choice hidden="true">
		<text>Politely decline.</text>
		<event>
			<text>The Iron Watch ship eventually disapears from view as it searches the asteroid field.</text>
			<choice>
				<text>Do something onboard the ship.</text>
				<event load="STORAGE_CHECK"/>
			</choice>
			<choice>
				<text>Do nothing.</text>
				<event/>
			</choice>
		</event>
	</choice>
</event>
<eventList name="OG_IRON_EXPLORE_TRANSPORT_SEARCH">
	<event name="OG_IRON_EXPLORE_TRANSPORT_FIND">
		<ship load="SHIP_OG_IRON_EXPLORE_TRANSPORT" hostile="false"/>
		<text>You eventually pickup the odd transport, it appears to be punctured by several asteroids. You begin searching the vessel and find a pristine weapon onboard, a few moments later the Iron Watch vessel appears, "Oh good you found it, thanks for the help guys, we'll take it from here."</text>
		<weapon name="RANDOM"/>
		<choice hidden="true">
			<text>Attack the ship to claim the wreck for yourself.</text>
			<event>
				<text>As you power on your weapons the Iron Watch vessel seems to notice what your doing, their captain sputters out a few explitives but turns on her own weapons in response.</text>
				<ship hostile="true"/>
				<choice hidden="true">
					<text>Continue...</text>
					<event load="REPUTATION_DECREASE_OG_IRON_COMBAT"/>
				</choice>
			</event>
		</choice>
		<choice hidden="true">
			<text>Leave them to the wreck.</text>
			<event>
				<text>The wreck eventually drifts out of view.</text>
				<choice>
					<text>Do something onboard the ship.</text>
					<event load="STORAGE_CHECK"/>
				</choice>
				<choice>
					<text>Do nothing.</text>
					<event/>
				</choice>
			</event>
		</choice>
	</event>
	<event name="OG_IRON_EXPLORE_TRANSPORT_FIND_LATE">
		<ship load="SHIP_OG_IRON_EXPLORE_TRANSPORT" hostile="false"/>
		<text>Eventually you find the wreck, and as it happens the Iron Watch vessel. It appears they've already been scrapping the wreck for some time. "Oh good you're still alive, we appreciate the help but we don't need anything else, good luck with your mission."</text>
		<choice hidden="true">
			<text>Attack the ship to claim the wreck for yourself.</text>
			<event>
				<text>As you power on your weapons the Iron Watch vessel seems to notice what your doing, their captain sputters out a few explitives but turns on her own weapons in response.</text>
				<ship hostile="true"/>
				<choice hidden="true">
					<text>Continue...</text>
					<event load="REPUTATION_DECREASE_OG_IRON_COMBAT"/>
				</choice>
			</event>
		</choice>
		<choice hidden="true">
			<text>Leave them to the wreck.</text>
			<event>
				<text>The wreck eventually drifts out of view.</text>
				<choice>
					<text>Do something onboard the ship.</text>
					<event load="STORAGE_CHECK"/>
				</choice>
				<choice>
					<text>Do nothing.</text>
					<event/>
				</choice>
			</event>
		</choice>
	</event>
	<event>
		<text>You search the asteroid field for what feels like hours, but can't find anything. You did stumble across what appears to be a cargo container with some basic supplies in it however.</text>
		<autoReward level="LOW">stuff</autoReward>
	</event>
</eventList>

<eventList name="OG_IRON_EXPLORE_TRANSPORT_SEARCH_GOOD">
	<event load="OG_IRON_EXPLORE_TRANSPORT_FIND"/>
	<event load="OG_IRON_EXPLORE_TRANSPORT_FIND_LATE"/>
</eventList>

<!--Distress-->
<eventList name="DISTRESS_OG_IRON">
	<event load="OG_IRON_DISTRESS_WATCH"/>
	<event load="OG_IRON_DISTRESS_PULSAR"/>

	<event load="DISTRESS_AUTO_REPAIRS"/>
</eventList>

<ship name="SHIP_OG_IRON_WATCH_PIRATE" auto_blueprint="LIST_SHIPS_PIRATE_ALL_NOSLUG">
	<destroyed>
		<text load="TEXT_DESTROYED_PIRATE"/>
		<autoReward level="MED">standard</autoReward>
		<choice hidden="true">
			<text>Continue...</text>
			<event load="OG_IRON_DISTRESS_WATCH_PIRATE_DEAD"/>
		</choice>
	</destroyed>
	<deadCrew>
		<text load="TEXT_DEAD_CREW_PIRATE"/>
		<autoReward level="HIGH">standard</autoReward>
		<choice hidden="true">
			<text>Continue...</text>
			<event load="OG_IRON_DISTRESS_WATCH_PIRATE_DEAD"/>
		</choice>
	</deadCrew>
</ship>

<event name="OG_IRON_DISTRESS_WATCH" unique="true">
	<ship load="SHIP_OG_IRON_WATCH_PIRATE" hostile="false"/>
	<distressBeacon/>
	<text>You arrive at the beacon to find a heavily damage Iron Watch ship locked in battle with a pirate, without help the Iron Watch ship won't last very long.</text>
	<choice hidden="true">
		<text>Aid the Iron Watch ship.</text>
		<event>
			<text>You power on your weapons, the pirate vessel, sensing the greater threat, turns it's attention to you.</text>
			<ship hostile="true"/>
			<choice>
				<text>Continue...</text>
				<event load="REPUTATION_UPDATE_OG_IRON_COMBAT"/>
			</choice>
		</event>
	</choice>
	<choice hidden="true">
		<text>Avoid getting involved.</text>
		<event>
			<text>The fight brings them out of your immediate scanning range. After a time the distress calls stop.</text>
			<choice>
				<text>Do something onboard the ship.</text>
				<event load="STORAGE_CHECK"/>
			</choice>
			<choice>
				<text>Do nothing.</text>
				<event/>
			</choice>
		</event>
	</choice>
</event>
<event name="OG_IRON_DISTRESS_WATCH_PIRATE_DEAD">
	<ship load="SHIP_OG_IRON_FIGHT" hostile="false"/>
	<enemyDamage amount="1" system="weapons" effect="fire"/>
	<enemyDamage amount="2" system="shields" effect="fire"/>
	<enemyDamage amount="0" system="engines" effect="fire"/>
	<enemyDamage amount="1" system="og_turret" effect="breach"/>
	<enemyDamage amount="1" system="og_turret_2" effect="breach"/>
	<enemyDamage amount="0" system="og_turret_mini" effect="fire"/>
	<enemyDamage amount="0" system="og_turret_mini_2" effect="fire"/>
	<text>The Iron Watch has partially recovered from the fight earlier, they thank you for rescuing them.</text>
	<choice hidden="true">
		<text>Capitalize on the damage and attack them.</text>
		<event>
			<text>The crew of the Iron Watch look in horror as you power up your weapons and prepare to attack them.</text>
			<ship hostile="true"/>
			<choice hidden="true">
				<text>Continue...</text>
				<event load="REPUTATION_DECREASE_DOUBLE_OG_IRON_COMBAT"/>
			</choice>
		</event>
	</choice>
	<choice req="LIST_CREW_OG_IRON" hidden="true">
		<text>(Iron Watch Crew) Request supplies.</text>
		<event>
			<text>"Of course, take these as thanks."</text>
			<autoReward level="MED">stuff</autoReward>
		</event>
	</choice>
	<choice hidden="true">
		<text>Prepare for your next jump.</text>
		<event/>
	</choice>
</event>

<event name="OG_IRON_DISTRESS_PULSAR" unique="true">
	<distressBeacon/>
	<environment type="pulsar"/>
	<ship load="SHIP_UNION_GENERIC" hostile="false"/>
	<text>The civilian vessel here appears stranded by the pulsar. "Captain, thank goodness you're here, our jump drives were taken out when the pulsar hit as just as we were executing a jump, the power spike fried the engines. We're low on supplies and don't have a dedicated engineer onboard, any help would be appreciated."</text>
	<choice hidden="false">
		<text>Send some supplies over.</text>
		<event>
			<text>"Thanks for the help, hopefully we'll be able to get this fixed quickly."</text>
			<item_modify>
				<item type="drones" min="-2" max="-2"/>
				<item type="missiles" min="-2" max="-2"/>
			</item_modify>
			<choice>
				<text>Continue...</text>
				<event load="REPUTATION_UPDATE_OG_IRON"/>
			</choice>
		</event>
	</choice>
	<choice req="LIST_CREW_ENGINEER" hidden="true">
		<text>(Engineer Crew) See if your engineer can help.</text>
		<event>
			<text>Your crew take some time experimenting and working with the faulty jump drive. Eventually, they're able to get to the root of the problem, much to the Captains's delight. "All systems are nominal... Great! It should come back on once we jump. Thanks for the help."</text>
			<autoReward level="HIGH">scrap_only</autoReward>
			<choice>
				<text>Continue...</text>
				<event load="REPUTATION_UPDATE_OG_IRON"/>
			</choice>
		</event>
	</choice>
	<choice req="DRONE_CONTROL_REPAIR_CREW" hidden="true">
		<text>(Repair Drone) Send a Repair Drone. [-1|]</text>
		<event load="OG_IRON_DISTRESS_PULSAR_SEND_REPAIR"/>
	</choice>
	<choice hidden="true" blue="false" req="LIST_CHECK_ANY_CREW" lvl="1">
		<text>Attempt to fix their problem.</text>
		<event load="OG_IRON_DISTRESS_PULSAR_SEND_CREW"/>
	</choice>
	<choice>
		<text>Attack while they are helpless!</text>
		<event>
			<text>You need all the scrap you can get, and this ship will be an easy target.</text>
			<ship hostile="true"/>
			<choice hidden="true">
				<text>Continue...</text>
				<event load="REPUTATION_DECREASE_OG_IRON_COMBAT"/>
			</choice>
		</event>
	</choice>
	<choice>
		<text>Apologize and say you can't help.</text>
		<event>
			<text>The Captain of the ship sighs. "Send someone our way if you can."</text>
			<choice>
				<text>Do something onboard the ship.</text>
				<event load="STORAGE_CHECK"/>
			</choice>
			<choice>
				<text>Do nothing.</text>
				<event/>
			</choice>
		</event>
	</choice>
</event>

<eventList name="OG_IRON_DISTRESS_PULSAR_SEND_REPAIR">
	<event>
		<text>Your drone begins to tinker with the broken jump drive. Before too long, the drone identifies the problem and the drive comes to life. "All systems are nominal... Great! Thanks for the help."</text>
		<item_modify>
			<item type="drones" min="-1" max="-1"/>
		</item_modify>
		<autoReward level="HIGH">scrap_only</autoReward>
		<choice>
			<text>Continue...</text>
			<event load="REPUTATION_UPDATE_OG_IRON"/>
		</choice>
	</event>
	<event>
		<text>Your drone begins to tinker with the broken jump drive. It returns a report saying that there is insufficient resources to repair, but prints a readout of how it could be repaired. "Well, I guess it's better than nothing... Now we know what we need." They give you a small reward.</text>
		<item_modify>
			<item type="drones" min="-1" max="-1"/>
		</item_modify>
		<autoReward level="LOW">scrap_only</autoReward>
	</event>
	<event>
		<text>Your drone begins to tinker with the broken jump drive. It momentarily comes to life, then pops. The drone prints a readout of the problems that it identified but couldn't fix. "Well, I guess it's better than nothing... Maybe we can make do with this for now." They give you a modest reward.</text>
		<item_modify>
			<item type="drones" min="-1" max="-1"/>
		</item_modify>
		<autoReward level="MED">scrap_only</autoReward>
	</event>
</eventList>
<eventList name="OG_IRON_DISTRESS_PULSAR_SEND_CREW">
	<event>
		<text>Your crew take some time experimenting and working with the faulty jump drive. Eventually, they're able to get to the root of the problem, much to the Captains's delight. "All systems are nominal... Great! It should come back on once we jump. Thanks for the help."</text>
		<autoReward level="HIGH">scrap_only</autoReward>
		<choice>
			<text>Continue...</text>
			<event load="REPUTATION_UPDATE_OG_IRON"/>
		</choice>
	</event>
	<event>
		<text>Your crew take some time experimenting and working with the faulty jump drive. While they don't get it working, they manage to diagnose it. "Well, I guess it's better than nothing... Now we know what's wrong." They give you a small reward.</text>
		<autoReward level="LOW">scrap_only</autoReward>
	</event>
	<event>
		<text>Your crew take some time experimenting and working with the faulty jump drive. It momentarily comes to life, then pops. Seems like they only got it partially working. "Well, I guess it's better than nothing... Maybe we can make do with this for now." They give you a modest reward.</text>
		<autoReward level="MED">scrap_only</autoReward>
	</event>
	<event>
		<text>Your crew take some time experimenting and working with the faulty jump drive. As one of your crew adjusts something, the drive pops and burns before catching fire. Seems like you completely broke it. "Way to go, jackass. Now we're completely screwed."</text>
	</event>
	<event>
		<text>Your crew take some time experimenting and working with the faulty jump drive. Try as they might, they have absolutely no idea what's wrong with it. The Crew shake their heads. "How did you think you would know what was wrong if we couldn't figure it out...?"</text>
	</event>
</eventList>
<!--QUESTS-->
<eventList name="QUESTS_OG_IRON">
	<event load="OG_IRON_DELIVERY"/>
</eventList>

<ship name="SHIP_OG_IRON_TRANSPORT_ESCAPE" auto_blueprint="OG_IRON_TRANSPORT">
	<surrender  chance="0.4" min="2" max="3" load="SURRENDER_OG_IRON"/>
	<escape  chance="0.3" min="3" max="4" load="ESCAPE_OG_IRON"/>
	<gotaway load="GOTAWAY_OG_IRON"/>
	<destroyed load="DESTROYED_OG_IRON"/>
	<deadCrew load="DEAD_CREW_OG_IRON"/>
</ship>
<event name="OG_IRON_DELIVERY" unique="true">
	<ship load="SHIP_OG_IRON_TRANSPORT_ESCAPE" hostile="false"/>
	<environment type="asteroid"/>
	<text>You've arrived face to face with an Iron Watch transport, your sensors are able to detect their jump drive being charged.</text>
	<choice>
		<text>Continue...</text>
		<event>
			<text>As they execute the jump, you watch an undefended asteroid slam into the side of the ship, tearing a section free. This doesn't impede the jump and the transport disappears a moment later.</text>
			<instantEscape/>
			<choice hidden="true">
				<text>Investigate.</text>
				<event>
					<text>Most of the wreckage is useless, but you do eventually find a cargo container, and inside an unusual looking turret. It appears that this turret had a specific destination, an outpost nearby. You note down the cooridinates.</text>
					<weapon name="OG_TURRET_LASER_MINI_DAWN_2"/>
					<quest event="OG_IRON_DELIVERY_OUTPOST"/>
					<choice>
						<text>Do something onboard the ship.</text>
						<event load="STORAGE_CHECK"/>
					</choice>
					<choice>
						<text>Do nothing.</text>
						<event/>
					</choice>
				</event>
			</choice>
		</event>
	</choice>
</event>

<event name="OG_IRON_DELIVERY_OUTPOST">
	<beaconType id="map_icon_quest" global="true">
		<color r="69" g="168" b="235" a="1"/>
		<unvisitedTooltip>The intended destination of the turret you found.</unvisitedTooltip>
	</beaconType>
	<img back="BACKGROUND" planet="PLANET_POPULATED"/>
	<ship load="SHIP_OG_IRON_TRANSPORT_ESCAPE" hostile="false"/>
	<text>This beacon is home to a large outpost, several ships can be seen in and around the outpost. You spot the damaged transport nearby.</text>
	<choice hidden="true" blue="false" req="LIST_CHECK_ANY_CREW" lvl="1">
		<text>Dock near the damaged transport.</text>
		<event>
			<text>You exit your ship and immediately overhear the loud conversation happening nearby "I don't know what we're going to do, they're going to take away my ship over this. Why did we ever go into that asteroid field, it didn't even save us more than like 1 jump."</text>
			<choice hidden="true" req="OG_TURRET_LASER_MINI_DAWN_2">
				<text>Show them the missing turret.</text>
				<event>
					<text>"Oh thank goodness, how in the multiverse did you find it?" You explain that you saw them get hit and lose it. "You're a lifesaver, here take these supplies as a reward." With the turret in tow, the captain of the transport heads off into the outpost.</text>
					<remove name="OG_TURRET_LASER_MINI_DAWN_2"/>
					<weapon name="RANDOM"/>
					<autoReward level="MED">standard_no_item</autoReward>
					<choice hidden="true">
						<text>Continue...</text>
						<event load="REPUTATION_UPDATE_OG_IRON"/>
					</choice>
				</event> 
			</choice>
			<choice hidden="true" req="OG_TURRET_LASER_MINI_DAWN_2" lvl="0" max_lvl="0">
				<text>You don't have the missing turret with you.</text>
				<event load="OPTION_INVALID"/>
			</choice>
			<choice>
				<text>Quietly leave.</text>
				<event>
					<text>You prepare for your next jump.</text>
					<choice>
						<text>Do something onboard the ship.</text>
						<event load="STORAGE_CHECK"/>
					</choice>
					<choice>
						<text>Do nothing.</text>
						<event/>
					</choice>
				</event>
			</choice>
		</event>
	</choice>
	<choice hidden="true" blue="false" req="LIST_CHECK_ANY_CREW" lvl="-999" max_lvl="0">
		<text>You can dock at the outpost but without crew it will be hard to do anything there.</text>
		<event load="OPTION_INVALID"/>
	</choice>
	<choice>
		<text>Ignore the outpost.</text>
		<event>
			<text>You prepare for your next jump.</text>
			<choice>
				<text>Do something onboard the ship.</text>
				<event load="STORAGE_CHECK"/>
			</choice>
			<choice>
				<text>Do nothing.</text>
				<event/>
			</choice>
		</event>
	</choice>
</event>

<eventList name="QUESTS_OG_IRON_DAWN">
	<event load="OG_IRON_DAWN_HIDEOUT"/>
</eventList>

<ship name="SHIP_OG_DAWN_HIDEOUT_SCOUT" auto_blueprint="OG_DAWN_SCOUT">
	<escape  chance="0.3" min="3" max="4" load="ESCAPE_OG_DAWN"/>
	<gotaway load="GOTAWAY_OG_DAWN"/>
	<destroyed load="DESTROYED_OG_DAWN"/>
	<deadCrew load="DEAD_CREW_OG_DAWN"/>
</ship>
<event name="OG_IRON_DAWN_HIDEOUT" unique="true">
	<ship load="SHIP_OG_DAWN_HIDEOUT_SCOUT" hostile="false"/>
	<text>You arrive at the beacon face to face with a New Dawn scout. You immediately detect the ship powering up it's jump drive, you only have a moment before they jump away.</text>
	<choice hidden="true">
		<text>Attempt to fire on their jump drive!</text>
		<event load="OG_IRON_DAWN_HIDEOUT_FIRE"/>
	</choice>
	<choice hidden="true" req="rep_og_dawn" lvl="1" blue="false">
		<text>"Hold on!"</text>
		<event>
			<text>The ship doesn't immediately jump away, it appears you have their attention. You explain that you're not going to kill them, you just want to know what they're doing here.
They don't immediately respond and they keep their jump drive ready.</text>
			<choice hidden="true">
				<text>Continue...</text>
				<event>
					<text>Eventually they respond, "Renegade, if you want to know anything you're going to have to prove yourself to us. Theres a nearby Iron Watch supply depot, go there and take it out, then we'll talk." With that they jump away.</text>
					<quest event="OG_IRON_DAWN_HIDEOUT_QUEST"/>
					<instantEscape/>
				</event>
			</choice>
		</event>
	</choice>
	<choice hidden="true" req="rep_og_dawn" lvl="-999" max_lvl="0" blue="false">
		<text>"Hold on!"</text>
		<event>
			<text>The ship immediately shuts off their comms, a moment later they're gone. It appears that they have no interest in hearing you out, perhaps if they had heard of you they'd be more willing to listen.</text>
			<instantEscape/>
			<choice>
				<text>Do something onboard the ship.</text>
				<event load="STORAGE_CHECK"/>
			</choice>
			<choice>
				<text>Do nothing.</text>
				<event/>
			</choice>
		</event>
	</choice>
	<choice hidden="true">
		<text>Let them leave.</text>
		<event>
			<text>The ship jumps away, you prepare for your next jump.</text>
			<instantEscape/>
			<choice>
				<text>Do something onboard the ship.</text>
				<event load="STORAGE_CHECK"/>
			</choice>
			<choice>
				<text>Do nothing.</text>
				<event/>
			</choice>
		</event>
	</choice>
</event>
<eventList name="OG_IRON_DAWN_HIDEOUT_FIRE">
	<event>
		<text>The New Dawn scout easily dodges your attack, a moment later they've jumped away.</text>
		<instantEscape/>
		<choice hidden="true">
			<text>Continue...</text>
			<event load="REPUTATION_DECREASE_OG_DAWN"/>
		</choice>
	</event>
	<event>
		<text>You score a direct hit on their engines, disabling their jump drive.</text>
		<enemyDamage amount="1" system="engines" effect="fire"/>
		<ship hostile="true"/>
		<choice hidden="true">
			<text>Continue...</text>
			<event load="REPUTATION_DECREASE_OG_DAWN_COMBAT"/>
		</choice>
	</event>
</eventList>

<ship name="SHIP_OG_IRON_DAWN_QUEST" auto_blueprint="LIST_SHIPS_OG_IRON_FIGHT">
	<destroyed>
		<text load="TEXT_DESTROYED_OG_IRON"/>
		<autoReward level="MED">standard</autoReward>
		<choice hidden="true">
			<text>Continue...</text>
			<event load="OG_IRON_DAWN_HIDEOUT_QUEST_WIN"/>
		</choice>
	</destroyed>
	<deadCrew>
		<text load="TEXT_DEAD_CREW_OG_IRON"/>
		<autoReward level="HIGH">standard</autoReward>
		<choice hidden="true">
			<text>Continue...</text>
			<event load="OG_IRON_DAWN_HIDEOUT_QUEST_WIN"/>
		</choice>
	</deadCrew>
</ship>
<event name="OG_IRON_DAWN_HIDEOUT_QUEST">
	<beaconType id="map_icon_quest" global="true">
		<color r="69" g="168" b="235" a="1"/>
		<unvisitedTooltip>Location of the Iron Watch supply depot you've been tasked with destroying by the New Dawn.</unvisitedTooltip>
	</beaconType>
	<environment type="pulsar"/>
	<img back="BACKGROUND" planet="PLANET_POPULATED"/>
	<ship load="SHIP_OG_IRON_DAWN_QUEST" hostile="false"/>
	<text>You've arrived at beacon to find the Iron Watch supply depot, unfortunately it's not alone, an Iron Watch ship stands on guard nearby.</text>
	<choice hidden="true">
		<text>Attack the guard.</text>
		<event>
			<text>The Iron Watch vessel quickly moves in between you and the depot, prepare to fight.</text>
			<ship hostile="true"/>
			<choice>
				<text>Continue...</text>
				<event load="REPUTATION_UPDATE_OG_DAWN_COMBAT"/>
			</choice>
		</event>
	</choice>
	<choice hidden="true">
		<text>Warn them about the attack.</text>
		<event>
			<text>The Iron Watch are very grateful for the warning and they offer some supplies as thanks.</text>
			<autoReward level="MED">standard_no_item</autoReward>
			<choice>
				<text>Continue...</text>
				<event load="REPUTATION_DECREASE_OG_DAWN"/>
			</choice>
		</event>
	</choice>
	<choice hidden="true">
		<text>Abandon your mission.</text>
		<event>
			<text>You keep your distance and prepare for your next jump.</text>
			<instantEscape/>
			<choice>
				<text>Do something onboard the ship.</text>
				<event load="STORAGE_CHECK"/>
			</choice>
			<choice>
				<text>Do nothing.</text>
				<event/>
			</choice>
		</event>
	</choice>
</event>

<event name="OG_IRON_DAWN_HIDEOUT_QUEST_WIN">
	<loadEventList seeded="false" first="true" generate="false" default="OG_IRON_DAWN_HIDEOUT_QUEST_WIN_INITIATE">
		<event req="OG_DAWN_INITIATE" lvl="1">
			<text>With the guard ship dealt with you're able to access, loot and destroy the depot. It appears that the New Dawn were watching because it isn't very long before you receive a message. "It appears you've already met with some other members of the New Dawn, We'll find you at the New Dawn forward operating base."</text>
			<autoReward level="MED">standard_no_item</autoReward>
			<choice>
				<text>Continue...</text>
				<event load="REPUTATION_UPDATE_OG_DAWN"/>
			</choice>
		</event>
	</loadEventList>
</event>
<event name="OG_IRON_DAWN_HIDEOUT_QUEST_WIN_INITIATE">
	<text>With the guard ship dealt with you're able to access, loot and destroy the depot. It appears that the New Dawn were watching because it isn't very long before you receive a message. "Find us at the New Dawn forward operating base, we'll talk there."</text>
	<autoReward level="MED">standard_no_item</autoReward>
	<hiddenAug>OG_DAWN_INITIATE</hiddenAug>
	<choice>
		<text>Continue...</text>
		<event load="REPUTATION_UPDATE_OG_DAWN"/>
	</choice>
</event>

<!--HOSTILE-->
<eventList name="HOSTILE_OG_IRON">
	<event load="ENCOUNTER_OG_IRON"/>
	<event load="ENCOUNTER_OG_IRON"/>
	<event load="ENCOUNTER_OG_IRON"/>
	<event load="FLOATING_CARGO_MV"/>
</eventList>

<event name="ENCOUNTER_OG_IRON">
	<loadEventList first="false" generate="true">
		<event name="ENCOUNTER_PIRATE_REGULAR"/>
		<event name="ENCOUNTER_PIRATE_ASTEROID"/>
		<event name="ENCOUNTER_OG_PIRATE_PULSAR"/>
		<event name="ENCOUNTER_OG_PIRATE_PULSAR" req="rep_comb_og_iron" lvl="0" max_lvl="999"/>
		<event name="ENCOUNTER_OG_IRON_SHIP" req="rep_comb_og_iron" lvl="-999" max_lvl="-2"/>
		<event name="ENCOUNTER_OG_IRON_SHIP" req="rep_comb_og_iron" lvl="-999" max_lvl="0"/>
		<event name="ENCOUNTER_OG_IRON_SHIP" req="rep_comb_og_iron" lvl="-999" max_lvl="2"/>
		<event name="ENCOUNTER_OG_IRON_PULSAR" req="rep_comb_og_iron" lvl="-999" max_lvl="4"/>
	</loadEventList>
</event>
<event name="ENCOUNTER_OG_IRON_SHIP">
	<text load="TEXT_ENCOUNTER_OG_IRON"/>
	<ship load="SHIP_OG_IRON_FIGHT" hostile="true"/> 
	<choice hidden="true">
		<text>Continue...</text>
		<event load="COMBAT_CHECK"/>
	</choice>
</event>
<textList name="TEXT_ENCOUNTER_OG_IRON">
	<text>As you jump into the system a rogue Iron Watch ship advances on your position. They are refusing all hails. Prepare for a fight.</text>
	<text>Soon after arriving in the system you are hailed by a small cruiser. "What good fortune that we happen to run into each other. Nothing personal, but you have some information we need!"</text>
	<text>The only other ship at this beacon messages you: "Finally, after months of waiting, someone has fallen into our trap!"</text>
	<text>You barely have time to register jump completion before your ship warns you of an incoming ship with weapons hot.</text>
</textList>
<event name="ENCOUNTER_OG_IRON_PULSAR" unique="true">
	<img back="BG_DARK"/>
	<text>This beacon has been placed too close to a neutron star! The radiation field will temporarily ionize your systems. Iron Watch ships have apparently been designed to remain quite effective in the presence of pulsars, you're in for a bad time.</text>
	<ship load="SHIP_OG_IRON_FIGHT" hostile="true"/>
	<environment type="pulsar"/>
	<choice hidden="true">
		<text>Continue...</text>
		<event load="COMBAT_CHECK"/>
	</choice>
</event>
<event name="ENCOUNTER_OG_PIRATE_PULSAR" unique="true">
	<img back="BG_DARK"/>
	<text>This beacon has been placed too close to a neutron star! The radiation field will temporarily ionize your systems. A pirate, apparently oblivious to the danger of the pulsar, moves in to engage.</text>
	<ship load="SHIP_PIRATE_ALL" hostile="true"/>
	<environment type="pulsar"/>
	<choice hidden="true">
		<text>Continue...</text>
		<event load="COMBAT_CHECK"/>
	</choice>
</event>

<!--UNIQUE-->

<ship name="SHIP_OG_IRON_PROTOTYPE" auto_blueprint="OG_IRON_RAIDER">
	<destroyed>
		<text load="TEXT_DESTROYED_OG_IRON"/>
		<autoReward level="MED">standard</autoReward>
		<choice hidden="true">
			<text>Continue...</text>
			<event load="OG_IRON_PROTOTYPE_DAWN_WIN"/>
		</choice>
	</destroyed>
	<deadCrew>
		<text load="TEXT_DEAD_CREW_OG_IRON"/>
		<autoReward level="HIGH">standard</autoReward>
		<choice hidden="true">
			<text>Continue...</text>
			<event load="OG_IRON_PROTOTYPE_DAWN_WIN"/>
		</choice>
	</deadCrew>
</ship>

<event name="OG_IRON_PROTOTYPE" unique="true">
	<img back="BACKGROUND" planet="PLANET_POPULATED"/>
	<text>You've arrived at a rather desolate beacon, there is very little of note here apart from the Iron Watch outpost you detect in orbit around a nearby planet.</text>
	<choice hidden="true">
		<text>Continue...</text>
		<event>
			<text>Just as you were getting bored another ship jumps into the system, its unlike any Iron Watch ship you've seen before, it appears to be some type of new cruiser, possibly a prototype.</text>
			<ship load="SHIP_OG_IRON_PROTOTYPE" hostile="false" />
			<choice hidden="true">
				<text>Continue...</text>
				<event>
					<text>You watch as the prototype docks with the distant outpost. It's only a few minutes later when the ship undocks and jumps away before you can do anything.</text>
					<instantEscape/>
					<choice hidden="true" req="rep_comb_og_iron" lvl="2" max_lvl="999" blue="false">
						<text>(Friendly Reputation) Inquire about the ship with the outpost.</text>
						<event load="OG_IRON_PROTOTYPE_OUTPOST_FRIENDLY" />
					</choice>
					<choice hidden="true" req="rep_comb_og_iron" lvl="0" max_lvl="1" blue="false">
						<text>(Neutral Reputation) Inquire about the ship with the outpost.</text>
						<event load="OG_IRON_PROTOTYPE_OUTPOST" />
					</choice>
					<choice hidden="true" req="rep_comb_og_iron" lvl="-999" max_lvl="-1" blue="false">
						<text>(Negative Reputation) Inquire about the ship with the outpost.</text>
						<event load="OG_IRON_PROTOTYPE_OUTPOST_CRIMINAL" />
					</choice>
					<choice req="sensors" lvl="3" hidden="true">
						<text>(Adv. Sensors) Scan the jump wake created by the ship.</text>
						<event>
							<text>By scanning the radiation emitted by the jump you're able to triangulate the approximate destination for the prototype.</text>
							<quest event="OG_IRON_PROTOTYPE_DESTINATION"/>
						</event>
					</choice>
					<choice hidden="true">
						<text>Move on.</text>
						<event>
							<text>You keep your distance and prepare for your next jump.</text>
							<choice>
								<text>Do something onboard the ship.</text>
								<event load="STORAGE_CHECK"/>
							</choice>
							<choice>
								<text>Do nothing.</text>
								<event/>
							</choice>
						</event>
					</choice>
				</event>
			</choice>
		</event>
	</choice>
</event>

<event name="OG_IRON_PROTOTYPE_OUTPOST_FRIENDLY">
	<text>It's a moment before the the outpost greets you, "We're not really supposed to give out this information, but we'll make an exception for you."</text>
	<quest event="OG_IRON_PROTOTYPE_DESTINATION"/>
	<choice>
		<text>Do something onboard the ship.</text>
		<event load="STORAGE_CHECK"/>
	</choice>
	<choice>
		<text>Do nothing.</text>
		<event/>
	</choice>
</event>
<event name="OG_IRON_PROTOTYPE_OUTPOST">
	<text>It's a moment before the the outpost greets you, and when they do you're met with an immediate wall, "I'm sorry, we can't provide any information on that ship."</text>
	<choice hidden="false">
		<text>Would this change your mind?</text>
		<event>
			<item_modify>
				<item type="scrap" min="-10" max="-10" />
			</item_modify>
			<text>The outpost recieves your scrap, "While your donation is very kind, we still can't tell you anything about that ship."</text>
			<choice hidden="false">
				<text>Offer a larger bribe.</text>
				<event>
					<item_modify>
						<item type="scrap" min="-30" max="-30" />
					</item_modify>
					<text>The outpost recieves your scrap, "Now that's something, we can't tell you, but recently our communications have actually been malfunctioning and sending secure information on public channels, it really needs to be looked into..." A moment later your crew pickups the location of a ship being broadcast on one of the public channels.</text>
					<quest event="OG_IRON_PROTOTYPE_DESTINATION"/>
				</event>
			</choice>
			<choice hidden="true">
				<text>Threaten the outpost for the information.</text>
				<event>
					<text>The outpost is effectively defenseless against your weapons, they quickly capitulate to your demands, uploading the data on the prototype. They also kindly return your donation.</text>
					<item_modify>
						<item type="scrap" min="10" max="10" />
					</item_modify>
					<quest event="OG_IRON_PROTOTYPE_DESTINATION"/>
					<choice>
						<text>Continue...</text>
						<event load="REPUTATION_DECREASE_DOUBLE_OG_IRON" />
					</choice>
				</event>
			</choice>
			<choice hidden="true">
				<text>Move on without the information.</text>
				<event>
					<text>You move away from the outpost and prepare for your next jump.</text>
					<choice>
						<text>Do something onboard the ship.</text>
						<event load="STORAGE_CHECK"/>
					</choice>
					<choice>
						<text>Do nothing.</text>
						<event/>
					</choice>
				</event>
			</choice>
		</event>
	</choice>
	<choice hidden="false">
		<text>Offer a larger bribe.</text>
		<event>
			<item_modify>
				<item type="scrap" min="-40" max="-40" />
			</item_modify>
			<text>The outpost recieves your scrap, "Now that's something, we can't tell you, but recently our communications have actually been malfunctioning and sending secure information on public channels, it really needs to be looked into..." A moment later your crew pickups the location of a ship being broadcast on one of the public channels.</text>
			<quest event="OG_IRON_PROTOTYPE_DESTINATION"/>
		</event>
	</choice>
	<choice hidden="true">
		<text>Threaten the outpost for the information.</text>
		<event>
			<text>The outpost is effectively defenseless against your weapons, they quickly capitulate to your demands, uploading the data on the prototype.</text>
			<quest event="OG_IRON_PROTOTYPE_DESTINATION"/>
			<choice>
				<text>Continue...</text>
				<event load="REPUTATION_DECREASE_DOUBLE_OG_IRON" />
			</choice>
		</event>
	</choice>
	<choice hidden="true" req="hacking" lvl="1" max_lvl="2">
		<text>(Hacking) Remotely access their data storage.</text>
		<event>
			<text>While you make small talk with the outpost, you configure the Hacking system to get a read of their data storage, and download their recent communications data. Once the download is complete, you bid farewell with the location of the prototype in hand. Unfortunately your hack is detected just as you're leaving.</text>
			<quest event="OG_IRON_PROTOTYPE_DESTINATION"/>
			<choice>
				<text>Continue...</text>
				<event load="REPUTATION_DECREASE_OG_IRON" />
			</choice>
		</event>
	</choice>
	<choice hidden="true" req="hacking" lvl="3">
		<text>(Adv. Hacking) Remotely access their data storage.</text>
		<event>
			<text>While you make small talk with the outpost, you configure the Hacking system to get a read of their data storage, and download their recent communications data. Once the download is complete, you bid farewell with the location of the prototype in hand.</text>
			<quest event="OG_IRON_PROTOTYPE_DESTINATION"/>
		</event>
	</choice>
	<choice hidden="true">
		<text>Move on without the information.</text>
		<event>
			<text>You move away from the outpost and prepare for your next jump.</text>
			<choice>
				<text>Do something onboard the ship.</text>
				<event load="STORAGE_CHECK"/>
			</choice>
			<choice>
				<text>Do nothing.</text>
				<event/>
			</choice>
		</event>
	</choice>
</event>

<event name="OG_IRON_PROTOTYPE_OUTPOST_CRIMINAL">
	<text>It's a moment before the the outpost greets you, and when they do you're met with an immediate wall, "Even if we could tell you we wouldn't."</text>
	<choice hidden="true">
		<text>Threaten the outpost for the information.</text>
		<event>
			<text>The outpost is effectively defenseless against your weapons, they quickly capitulate to your demands, uploading the data on the prototype.</text>
			<quest event="OG_IRON_PROTOTYPE_DESTINATION"/>
			<choice>
				<text>Continue...</text>
				<event load="REPUTATION_DECREASE_DOUBLE_OG_IRON" />
			</choice>
		</event>
	</choice>
	<choice hidden="true" req="hacking" lvl="1" max_lvl="2">
		<text>(Hacking) Remotely access their data storage.</text>
		<event>
			<text>You configure the Hacking system to get a read of their data storage, and download their recent communications data. Once the download is complete, you bid farewell with the location of the prototype in hand. Unfortunately your hack is detected just as you're leaving and you detect them reporting it to nearby Iron Watch outposts.</text>
			<quest event="OG_IRON_PROTOTYPE_DESTINATION"/>
			<choice>
				<text>Continue...</text>
				<event load="REPUTATION_DECREASE_OG_IRON" />
			</choice>
		</event>
	</choice>
	<choice hidden="true" req="hacking" lvl="3">
		<text>(Adv. Hacking) Remotely access their data storage.</text>
		<event>
			<text>You configure the Hacking system to get a read of their data storage, and download their recent communications data. Once the download is complete, you bid farewell with the location of the prototype in hand.</text>
			<quest event="OG_IRON_PROTOTYPE_DESTINATION"/>
		</event>
	</choice>
	<choice hidden="true">
		<text>Move on without the information.</text>
		<event>
			<text>You move away from the outpost and prepare for your next jump.</text>
			<choice>
				<text>Do something onboard the ship.</text>
				<event load="STORAGE_CHECK"/>
			</choice>
			<choice>
				<text>Do nothing.</text>
				<event/>
			</choice>
		</event>
	</choice>
</event>

<ship name="SHIP_OG_IRON_PROTOTYPE_QUEST" auto_blueprint="LIST_SHIPS_OG_DAWN_FIGHT">
	<destroyed>
		<text load="TEXT_DESTROYED_OG_DAWN"/>
		<autoReward level="MED">standard_no_item</autoReward>
		<weapon name="GIFTLIST_OG_DAWN" />
		<choice hidden="true">
			<text>Continue...</text>
			<event load="OG_IRON_PROTOTYPE_WIN"/>
		</choice>
	</destroyed>
	<deadCrew>
		<text load="TEXT_DEAD_CREW_OG_DAWN"/>
		<autoReward level="HIGH">standard_no_item</autoReward>
		<weapon name="GIFTLIST_OG_DAWN" />
		<choice hidden="true">
			<text>Continue...</text>
			<event load="OG_IRON_PROTOTYPE_WIN"/>
		</choice>
	</deadCrew>
</ship>
<event name="OG_IRON_PROTOTYPE_DESTINATION">
	<beaconType id="map_icon_quest" global="true">
		<color r="69" g="168" b="235" a="1"/>
		<unvisitedTooltip>Location of the prototype Iron Watch vessel.</unvisitedTooltip>
	</beaconType>
	<environment type="pulsar"/>
	<img back="BACKGROUND" planet="NONE"/>
	<ship load="SHIP_OG_IRON_PROTOTYPE" hostile="false"/>
	<text>You arrive at the beacon to discover the Iron Watch vessel in orbit around the pulsar here, it appears they're testing their weapon systems on a nearby asteroid.</text>
	<choice hidden="true">
		<text>Continue...</text>
		<event>
			<text>As you watch a large wave from the pulsar sweeps across the prototype, your sensors indicate several of the systems onboard are immediately disabled by the pulsar.
If that's not bad enough a new ship reveals itself from behind a nearby asteroid, It appears to be one of those New Dawn ships, and it's moving in on the prototype.</text>
			<ship load="SHIP_OG_IRON_PROTOTYPE_QUEST" hostile="true"/>
			<choice hidden="true">
				<text>Move in and defend the Iron Watch prototype.</text>
				<event load="REPUTATION_DECREASE_OG_DAWN_COMBAT" />
			</choice>
			<choice hidden="true">
				<text>Aid the New Dawn ship in it's attack on the heavily armed prototype.</text>
				<event>
					<ship load="SHIP_OG_IRON_PROTOTYPE" hostile="true"/>
					<text>You turn you attention to the prototype, unfortunately by the time you're ready the ship has almost fully recovered from the pulsar hit. You're not alone though, you have the support of the New Dawn ship.</text>
					<environment type="PDS" target="enemy"/>
					<noASBPlanet/>
					<choice>
						<text>Continue...</text>
						<event load="COMBAT_CHECK"/>
					</choice>
				</event>
			</choice>
			<choice>
				<text>Retreat to a safe distance and stay out of the fight.</text>
				<event>
					<text>You move away from the two ships and prepare for your next jump.</text>
					<instantEscape/>
					<choice>
						<text>Do something onboard the ship.</text>
						<event load="STORAGE_CHECK"/>
					</choice>
					<choice>
						<text>Do nothing.</text>
						<event/>
					</choice>
				</event>
			</choice>
		</event>
	</choice>
</event>

<event name="OG_IRON_PROTOTYPE_WIN">
	<text>The Iron Watch ship has mostly recovered from the attack, they contact you. "We're grateful for your help Captain, we're not sure we would have survived that without you help. Perhaps it's time we took a more active presence in your war with the rebellion. We'll send the blueprints for the prototype along to the federation, perhaps they'll be able to use it."</text>
	<unlockCustomShip silent="false">PLAYER_SHIP_OG_RAIDER</unlockCustomShip>
	<choice hidden="true">
		<text>Continue...</text>
		<event load="REPUTATION_UPDATE_OG_IRON" />
	</choice>
</event>

<event name="OG_IRON_PROTOTYPE_DAWN_WIN">
	<loadEventList seeded="false" first="true" generate="false" default="OG_IRON_PROTOTYPE_DAWN_WIN_INITIATE">
		<event req="OG_DAWN_INITIATE" lvl="1">
			<text>The New Dawn ship is still wary of you even after the fight. You watch as they move up to the wreck and carefully extract a single component, you're not what it is, but with that done they back away from the wreck, uninterested in the rest of it. You recieve a simple thank you before they leave.</text>
			<autoReward level="MED">standard_no_item</autoReward>
			<choice>
				<text>Continue...</text>
				<event load="REPUTATION_UPDATE_OG_DAWN"/>
			</choice>
		</event>
	</loadEventList>
</event>
<event name="OG_IRON_PROTOTYPE_DAWN_WIN_INITIATE">
	<text>The New Dawn ship is still wary of you even after the fight. You watch as they move up to the wreck and carefully extract a single component, you're not what it is, but with that done they back away from the wreck, uninterested in the rest of it. "Captain, if you ever make it to the New Dawn Forward Operating Base I'll ensure you get through unopposed, try and find me once you're there."</text>
	<autoReward level="MED">standard_no_item</autoReward>
	<hiddenAug>OG_DAWN_INITIATE</hiddenAug>
	<choice>
		<text>Continue...</text>
		<event load="REPUTATION_UPDATE_OG_DAWN"/>
	</choice>
</event>
</FTL>
