<?xml version="1.0" encoding="UTF-8"?>

<!--Copyright (c) 2012 by Subset Games. All rights reserved.-->
<img x="-65" y="-135" w="672" h="550" />
<offsets>
	<floor x="60" y="129" />
	<cloak x="0" y="0" />
</offsets>
<weaponMounts>
	<mount x="465" y="365" rotate="true" mirror="false" gib="-1" slide="right" />
	<mount x="465" y="185" rotate="true" mirror="true" gib="-1" slide="right" />
	<mount x="354" y="423" rotate="true" mirror="false" gib="-1" slide="down" />
	<mount x="354" y="127" rotate="true" mirror="true" gib="-1" slide="up" />
</weaponMounts>
<ogTurretMounts>
	<og_turret x="276" y="275" direction="right"/>
	<og_turret_mini x="69" y="275" direction="left"/>
</ogTurretMounts>
<explosion />

