<metadata>
  <title><![CDATA[ FTL: The Old Guard ]]></title>
  <threadUrl><![CDATA[https://ftlmultiverse.boards.net/thread/191/guard-turret-control-system-sectors]]></threadUrl>
  <author><![CDATA[ Arc ]]></author>
  <version><![CDATA[ 1.6 ]]></version>
  <description>
<![CDATA[ 
Adds a new Turret Control system and the ships that have it. Adds the Iron Watch, a group of Explorers, Scientists and Pirates whom have formed a collective on the edge of explored space.
]]>
  </description>
</metadata>